Metric,Value
MAE,1.0523716878873333
RMSE,1.346018115906153
MAPE,19.484984492909636
